[
  {
    "Contient": "North America",
    "Country_State": "US",
    "cuisine": "Southern Recipes",
    "title": "Sweet Potato Pie",
    "URL": "https://www.allrecipes.com/recipe/12142/sweet-potato-pie-i/",
    "rating": 4.8,
    "total_time": 115,
    "prep_time": 15,
    "cook_time": 100,
    "description": "Shared from a Southern recipe, this homemade sweet potato pie is easy to make with boiled sweet potato. Try it, it may just be the best you've ever tasted!",
    "ingredients": [
      "1 (1 pound) sweet potato, with skin",
      "0.5 cup butter, softened",
      "1 cup white sugar",
      "0.5 cup milk",
      "2 large eggs",
      "0.5 teaspoon ground nutmeg",
      "0.5 teaspoon ground cinnamon",
      "1 teaspoon vanilla extract",
      "1 (9 inch) unbaked pie crust"
    ],
    "instructions": [
      "Place whole sweet potato in pot and cover with water; bring to a boil. Boil until tender when pierced with a fork, 40 to 50 minutes.",
      "Preheat the oven to 350 degrees F (175 degrees C).",
      "Remove sweet potato from the pot and run under cold water. Remove and discard skin.",
      "Break sweet potato flesh apart and place in a bowl. Add butter and mix with an electric mixer until well combined. Add sugar, milk, eggs, nutmeg, cinnamon, and vanilla; beat on medium speed until mixture is smooth. Pour filling into unbaked pie crust.",
      "Bake in the preheated oven until a knife inserted in the center comes out clean, 55 to 60 minutes.",
      "Remove from the oven and let cool before serving."
    ],
    "nutrients": {
      "calories": "389 kcal",
      "carbohydrateContent": "48 g",
      "cholesterolContent": "78 mg",
      "fiberContent": "3 g",
      "proteinContent": "5 g",
      "saturatedFatContent": "10 g",
      "sodiumContent": "254 mg",
      "sugarContent": "28 g",
      "fatContent": "21 g",
      "unsaturatedFatContent": "0 g"
    },
    "serves": "8 servings"
  }
]